ABCD	🔡
BACK	🔙
BACKやじるし	🔙
Cまーく	©
FREEまーく	🆓
Iまーく	ℹ
Rまーく	®
SOON	🔜
SOONやじるし	🔜
UP	🆙
UPまーく	🆙
Uじがたじしゃく	🧲
Vさいん	✌
ZZZ	😴
あいしてる	🤟
あいす	🍨
あいすくりーむ	🍨
あいすすけーと	⛸
あいすほっけー	🏒
あいすらんど	🇮🇸
あいでぃ	🆔
あいでぃまーく	🆔
あいでぃー	🆔
あいらぶゆー	🤟
あいるらんど	🇮🇪
あうたー	🧥
あお	🟦
あおいかお	🥶
あおい	🥶
あおいしかく	🟦
あおいはーと	💙
あおいまる	🔵
あおざめ	😰
あおのほん	📘
あおりんご	🍏
あか	🟥
あかいうえさんかく	🔺
あかいかお	🥵
あかい	🥵
あかいかんたんふ	❗
あかいぎもんふ	❓
あかいしかく	🟥
あかいしもさんかく	🔻
あかいはーと	❤
あかいふうとう	🧧
あかいまる	🔴
あかくなる	😳
あかげ	🦰
あかげのひと	🦰
あかちゃ	🦰
あかちゃん	🤱
あかちょうちん	🏮
あかり	🪔
あかりんご	🍎
あかるい	🔆
あかるさ	🔆
あかんぼう	🚼
あき	🥮
あきしつ	🈳
あきや	🏚
あきらめ	😩
あきれがお	😦
あくしゅ	🤝
あくしゅう	🦨
あくせしびりてぃ	🧏‍♂
あくびしたかお	🥱
あくびした	🥱
あくま	😈
あくやく	🦹
あごひげ	🧔
あごひげのだんせい	🧔
あさ	🌅
あさひ	🌅
あし	🦿
あしあと	👣
あじあ	🌏
あすくれぴおすのつえ	⚕
あすたりすく	❇
あせ	🥵
あせあせ	💦
あせんしょんとう	🇦🇨
あぜるばいじゃん	🇦🇿
あそびすき	🦦
あたたかいのみもの	☕
あたま	🧠
あたまばくはつ	🤯
あたらしい	🆕
あたり	🎯
あちゃー	🤦‍♂
あっかんべー	😜
あっぷ	🆙
あっぷる	🍏
あつあつ	💑
あついかお	🥵
あつい	🥵
あつさ	🥵
あな	🕳
あなぐま	🦡
あばかす	🧮
あふがにすたん	🇦🇫
あふりか	🌍
あふろ	🦱
あぼかど	🥑
あまい	🍯
あまぐも	🌧
あまのがわ	🌌
あみもの	🧶
あめ	🍭
あめじ々はれ	🌦
あめふと	🏈
あめりか	🗽
あめりかがっしゅうこく	🇺🇸
あめりかたいりく	🌎
あめりかりょうう゛ぁーじんしょとう	🇻🇮
あめりかりょうさもあ	🇦🇸
あめりかんふっとぼーる	🏈
あめーば	🦠
あらいぐま	🦝
あらぶしゅちょうこくれんぽう	🇦🇪
あらーむ	⏰
あり	🐜
あるくおとこ	🚶‍♂
あるくおんな	🚶‍♀
あるくひと	🚶
あるじぇりあ	🇩🇿
あるぜんちん	🇦🇷
あるてぃめっと	🥏
あるば	🇦🇼
あるばにあ	🇦🇱
あるぱか	🦙
あるふぁべっと	🔤
あるめにあ	🇦🇲
あわ	🍾
あんぎら	🇦🇮
あんごら	🇦🇴
あんしん	😌
あんぜん	🔐
あんぜんぴん	🧷
あんぜんべすと	🦺
あんてな	📡
あんてなまーく	📶
あんどら	🇦🇩
あんない	💁‍♂
あんないするおとこ	💁‍♂
あんないするおんな	💁‍♀
あんないするひと	💁
あーてぃすと	👩‍🎨
あーるぶいしゃ	🚙
いえ	🏡
いえめん	🇾🇪
いおりてん	〽
いか	🦑
いかり	🤬
いかりのふきだし	🗯
いぎりす	🇬🇧
いぎりすりょういんどようちいき	🇮🇴
いぎりすりょうう゛ぁーじんしょとう	🇻🇬
いざかや	🏮
いし	👩‍⚕
いしゃ	🩺
いじぇくと	⏏
いす	🪑
いすらえる	🇮🇱
いすらむきょう	🕌
いせい	👫
いせいじん	👾
いそぐ	💨
いそげ	💨
いた	🎿
いたりあ	🇮🇹
いちご	🍓
いちじていし	⏸
いちじていしぼたん	⏸
いっかくじゅう	🦄
いてざ	♐
いでんし	🧬
いと	🧵
いとまき	🧵
いなづま	🌩
いなほ	🌾
いぬ	🦮
いぬのかお	🐶
いね	🌾
いのしし	🐗
いのり	🤲
いのる	📿
いはい	⚱
いびき	💤
いまちのつき	🌖
いも	🥔
いもむし	🐛
いやほん	🎧
いらく	🇮🇶
いらん	🇮🇷
いりょう	⚕
いりょうのしんぼる	⚕
いるか	🐬
いわざる	🙊
いんさつき	🖨
いんでっくす	🗂
いんど	🇮🇳
いんどねしあ	🇮🇩
いんふぉめーしょん	ℹ
いんべーだー	👾
いんやん	☯
いんよう	☯
いんようふか	🚱
いんりょうすい	🚰
いー	😬
いーめーる	📩
うぃすきー	🥃
うぃんく	😉
ういすきー	🥃
ういてるびじねすまん	🕴
ういるす	🦠
ういんく	😉
うぇいとりふてぃんぐ	🏋‍♂
うえ	🖕
うえかーぶやじるし	⤴
うえぼたん	🔼
うえやじるし	⬆
うえをみるかお	🙄
うえをみる	🙄
うぉーきんぐ	🚶‍♂
うおざ	♓
うがんだ	🇺🇬
うくらいな	🇺🇦
うけつけ	💁
うけつけじょう	💁
うさぎ	🐰
うさぎのかお	🐰
うさみみ	👯‍♂
うし	🐮
うしのかお	🐮
うすわらいをするかお	😏
うすわらいをする	😏
うずべきすたん	🇺🇿
うずまき	🍥
うそつき	🤥
うそつきのかお	🤥
うた	🎤
うたがい	🤨
うたきごう	〽
うちあげはなび	🎆
うちゅう	🛸
うちゅうじん	👾
うちゅうひこうし	👩‍🚀
うったえるようなかお	🥺
うったえるような	🥺
うつろなめ	🥴
うで	🦾
うでどけい	⌚
うま	🐴
うまい	😋
うまのかお	🐴
うみ	🔱
うらない	🔯
うるぐあい	🇺🇾
うれしい	😆
うれしなき	😂
うれしなきするねこ	😹
うわむき	📈
うわめ	🙄
うんこ	💩
うんち	💩
うんめい	🔮
う゛ぁーさす	🆚
う゛ぃえす	🆚
う゛ぃおら	🎻
う゛ぃらん	🦹‍♂
うーん	🤔
えい	🈺
えいえん	♾
えいおおもじのにゅうりょく	🔠
えいが	📽
えいがかめら	🎥
えいがかん	🎦
えいがふぃるむ	🎞
えいぎょうちゅう	🈺
えいぎょうび	🈺
えいこもじのにゅうりょく	🔡
えいしゃき	📽
えいじ	🔤
えいじのにゅうりょく	🔤
えいせいあんてな	📡
えいてぃえむ	🏧
えいとぼーる	🎱
えいへい	💂‍♂
えいまーく	🈺
えいりあん	👾
えがお	🥰
えき	🚉
えきでん	🎽
えきべん	🍱
えくあどる	🇪🇨
えくすくらめーしょんまーく	❣
えじぷと	🇪🇬
えすえる	🚂
えすおーえす	🆘
えすおーえすまーく	🆘
えすて	💆‍♂
えすとにあ	🇪🇪
えすゆーぶいしゃ	🚙
えちおぴあ	🇪🇹
えぬじー	🙅‍♂
えぬじーまーく	🆖
えのぐ	🖌
えのぐぱれっと	🎨
えび	🦐
えびふらい	🍤
えふで	🖌
えふでぃ	💾
えむおー	💽
えむでぃ	💽
えりとりあ	🇪🇷
えりまき	🧣
えるさるばどる	🇸🇻
えるふ	🧝‍♂
えん	💴
えんかい	🍻
えんげい	🎭
えんげき	🎭
えんさつ	💴
えんじぇる	👼
えんど	🔚
えんどやじるし	🔚
えんぴつ	✏
えんぴつとめも	📝
えんぶれむ	🔱
えーがた	🅰
えーびーがた	🆎
えーびーしー	🔤
おいしい	😋
おいすたー	🦪
おいる	🪔
おいわい	🥳
おうかん	👑
おうしざ	♉
おうしゅうれんごう	🇪🇺
おうじ	🤴
おうじょ	👸
おうとするかお	🤮
おうとする	🤮
おうむ	🦜
おおかみ	🐺
おおかみのかお	🐺
おおきいあおのひしがた	🔷
おおきいおれんじのひしがた	🔶
おおきくなるはーと	💗
おおもじ	🔠
おかし	🧁
おかしい	🤪
おかね	🧧
おかねのかお	🤑
おかゆ	🥣
おきどけい	🕰
おこったあくま	👿
おさつ	💸
おさら	🍽
おしぴん	📍
おじいさん	👴
おじぎ	🙇‍♂
おじぎするおとこ	🙇‍♂
おじぎするおんな	🙇‍♀
おじぎするひと	🙇
おすし	🍣
おたく	🤓
おだいりさま	🎎
おだんご	🍡
おちば	🍃
おちゃ	🧉
おっけー	🙆‍♂
おっはー	👐
おてあげ	🤷‍♂
おてあげするおとこ	🤷‍♂
おてあげするおんな	🤷‍♀
おてあげするひと	🤷
おてあらい	🚾
おでん	🍢
おとかずお	🔊
おとく	🉐
おとこ	🧟‍♂
おとこのえるふ	🧝‍♂
おとこのきゅうけつき	🧛‍♂
おとこのこ	👦
おとこのせいれい	🧞‍♂
おとこのぞんび	🧟‍♂
おとこのまほうつかい	🧙‍♂
おとこのようせい	🧚‍♂
おとしだま	🧧
おとしより	🧓
おとな	🧑
おとなし	🔕
おとめざ	♍
おどりこ	💃
おどるおとこ	🕺
おどるおんな	💃
おどろき	🤯
おに	👹
おにぎり	🍙
おねがい	🙏
おの	🪓
おはし	🥢
おばあさん	👵
おばけ	👻
おひつじ	🐏
おひつじざ	♈
おひなさま	🎎
おひめさま	👸
おふぃすびる	🏢
おふぇんすらいん	👩‍💼
おべろん	🧚
おまつり	🎇
おまもり	🧿
おまわりさん	👮‍♂
おまーん	🇴🇲
おみくじ	🥠
おむすび	🍙
おめでとう	㊗
おめん	👺
おもちゃ	🪁
おやき	☎
おやこ	👪
おやゆび	👍
およぐおとこ	🏊‍♂
およぐおんな	🏊‍♀
およぐひと	🏊
おらんうーたん	🦧
おらんだ	🇳🇱
おりえんてーりんぐ	🧭
おれせんぐらふ	📉
おれんじ	🟧
おれんじのしかく	🟧
おれんじのはーと	🧡
おれんじのほん	📙
おれんじのまる	🟠
おわり	🔚
おわんぼう	👲
おん	🔛
おんがく	🪕
おんせん	♨
おんせんまーく	♨
おんど	🌡
おんどけい	🌡
おんどり	🐓
おんな	🧟‍♀
おんなのえるふ	🧝‍♀
おんなのきゅうけつき	🧛‍♀
おんなのこ	👧
おんなのせいれい	🧞‍♀
おんなのぞんび	🧟‍♀
おんなのまほうつかい	🧙‍♀
おんなのようせい	🧚‍♀
おんぷ	🎶
おんやじるし	🔛
おんりょう	🔊
おんりょうしょう	🔉
おーがた	🅾
おーけー	🙆‍♂
おーけーのて	👌
おーけーのぽーずをするおとこ	🙆‍♂
おーけーのぽーずをするおんな	🙆‍♀
おーけーのぽーずをするひと	🙆
おーけーまーく	🆗
おーすとらりあ	🦘
おーすとりあ	🇦🇹
おーとばい	🏍
おーとりくしゃー	🛺
おーとれーす	🏍
おーばー	🧥
おーむ	🕉
おーらんどしょとう	🇦🇽
かい	🦪
かいか	🌼
かいが	🖼
かいけい	🧾
かいしゃいん	👩‍💼
かいじょう	🔓
かいじょけん	🐕‍🦺
かいぞく	🦜
かいぞくき	🏴‍☠
かいちゅうでんとう	🔦
かいているて	✍
かいてん	🪀
かいてんするはーと	💞
かいと	🪁
かいめん	🧽
かいもの	🛒
かいわ	🗨
かいわのふきだし	💬
かうがーる	🤠
かうぼーい	🤠
かうぼーいのかお	🤠
かえで	🍁
かえる	🐸
かえるのかお	🐸
かお	🧔
かおのあるかげんのつき	🌜
かおのあるかぜ	🌬
かおのあるしんげつ	🌚
かおのあるじょうげんのつき	🌛
かおのあるたいよう	🌞
かおのあるまんげつ	🌝
かおり	🧄
かがく	🧪
かがくしゃ	🥼
かがくりょうほう	🦲
かがやき	🌟
かき	🦪
かきごおり	🍧
かぎ	🧩
かぎばり	🧶
かくせいき	📣
かくてる	🍹
かくてるぐらす	🍸
かくのゆびさいん	🤘
かくぼう	👩‍🎓
かぐ	🪑
かけざん	❎
かげん	🌗
かげんのつき	🌜
かこう	📉
かご	🧺
かさ	🌂
かさとあめ	☔
かさん	➕
かざふすたん	🇰🇿
かざん	🌋
かしゅ	👩‍🎤
かぜ	🤧
かぜにゆれるは	🍃
かぞく	👪
かたつむり	🐌
かたな	⚔
かため	👁
かためがね	🧐
かたーる	🇶🇦
かちほこったかお	😤
かちほこった	😤
かちんこ	🎬
かっと	✂
かっぷけーき	🧁
かっぷる	🧑‍🤝‍🧑
かっぷるとはーと	💑
かとらりー	🥄
かどまつ	🎍
かなしい	😿
かなだ	🇨🇦
かなづち	🛠
かなりあしょとう	🇮🇨
かに	🦀
かにざ	♋
かぬー	🛶
かね	🔕
かのう	🉑
かば	🦛
かばん	💼
かふんしょう	🤧
かぶ	💹
かぶか	💹
かぷせる	💊
かべ	🧱
かぼちゃ	🎃
かまーく	🉑
かみくりっぷ	🖇
かみさしさし	☝
かみそり	🪒
かみてさげ	🛍
かみとえんぴつ	📝
かみなり	🌩
かみぱっくいんりょう	🧃
かみぶくろ	🛍
かめ	🐢
かめら	📹
かめらふらっしゅ	📸
かめるーん	🇨🇲
かめん	🎭
かも	🦆
かやく	🧨
かやっく	🛶
からおけ	🎤
からだ	👃
からて	🥋
かれは	🍂
かれんだー	🗓
かれー	🍛
かれーらいす	🍛
かわいい	💞
かわうそ	🦦
かわぐつ	👞
かわせ	💹
かん	🥫
かんおけ	⚰
かんかん	😡
かんがえごと	💭
かんがえちゅう	🤔
かんがえる	🧐
かんがえるかお	🤔
かんがるー	🦘
かんこく	🇰🇷
かんせつ	🏔
かんそく	🔭
かんたんふ	❗
かんたんふぎもんふ	⁉
かんづめ	🥫
かんでんち	🔋
かんぱい	🥂
かんむり	👑
かんらんしゃ	🎡
かーと	🛒
かーど	💳
かーどいんでっくす	📇
かーどふぁいるぼっくす	🗃
かーどふぉるだー	🗂
かーば	🕋
かーぶ	⤵
かーぼべるで	🇨🇻
かーりんぐ	🥌
かーる	🦱
がいあな	🇬🇾
がいかりょうがえ	💱
がいこつ	💀
がか	👩‍🎨
がくせい	👩‍🎓
がくふ	🎼
がそりん	⛽
がそりんすたんど	⛽
がそりんのずる	⛽
がっかり	😞
がっき	🪕
がっくり	😞
がっこう	🏫
がっしゅうこくりょうゆうしょうりとう	🇺🇲
がっしょう	🙏
がびょう	📍
がぼん	🇬🇦
がまぐち	👛
がまん	😣
がわてん	🤸‍♂
がわてんするおとこ	🤸‍♂
がわてんするおんな	🤸‍♀
がわてんするひと	🤸
がんびあ	🇬🇲
がーな	🇬🇭
がーん	🙀
がーんじー	🇬🇬
きいろ	🟨
きいろいしかく	🟨
きいろいまる	🟡
きいろのはーと	💛
きうい	🥝
きういふるーつ	🥝
きおん	🌡
きかいこう	🧰
きかざる	🙉
きけん	⚡
きこえない	🧏
きごう	🔣
きごうのにゅうりょく	🔣
きしゅ	🏇
きす	😽
きすまーく	💋
きず	🩹
きせい	🚷
きた	⬆
きたちょうせん	🇰🇵
きたまりあなしょとう	🇲🇵
きっく	🦶
きっくすくーたー	🛴
きっくすけーたー	🛴
きっくぼーど	🛴
きっちんぺーぱー	🧻
きっぷ	🎫
きつえん	🚬
きつね	🦊
きつねのかお	🦊
きど	🔆
きのこ	🍄
きぷろす	🇨🇾
きむ	🥇
きもちわるい	🤮
きもの	👘
きもをひやした	😓
きゃくせん	🛳
きゃっしゅかーど	💳
きゃっする	🏰
きゃっぷ	🧢
きゃびねっと	🗄
きゃべつ	🥬
きゃんせる	❎
きゃんでぃ	🍭
きゃんどる	🕯
きゃんぷ	🥾
きゃー	😆
きゅうきゅう	⛑
きゅうきゅうしゃ	🚑
きゅうぎ	🤾‍♂
きゅうけつき	🧛‍♂
きゅうしゅう	🧽
きゅうり	🥒
きゅらそーとう	🇨🇼
きゅーば	🇨🇺
きゅーぴっど	💘
きょうかい	💒
きょうかん	😮
きょうがく	😲
きょうぎじょう	🏟
きょうし	👩‍🏫
きょうじゅ	👩‍🏫
きょうふ	😱
きょうりゅう	🦖
きょか	🉑
きょくせん	⤵
きょしゅ	🙋‍♂
きらきら	💖
きらきらはーと	💖
きらきらぼし	🌟
きり	🌫
きりすときょう	✝
きりつ	🧍‍♂
きりのとかい	🌁
きりばす	🇰🇮
きりん	🦒
きる	✂
きるぎす	🇰🇬
きん	🈲
きんえん	🚭
きんきゅう	🦺
きんし	🚷
きんとれ	💪
きんにく	💪
きんぱつ	👱‍♂
きんぱつのじょせい	👱‍♀
きんぱつのだんせい	👱‍♂
きんぱつのひと	👱
きんぶくろ	💰
きんまーく	🈲
きんめだる	🥇
きー	🗝
きーぼーど	🎹
ぎあ	⚙
ぎしゅ	🦾
ぎそく	🦿
ぎたー	🎸
ぎにあ	🇬🇳
ぎにあびさう	🇬🇼
ぎふと	🎁
ぎもんふ	❓
ぎゃくさいせい	◀
ぎゃくさいせいぼたん	◀
ぎゅうにゅう	🥛
ぎゅうにゅういりのこっぷ	🥛
ぎょうざ	🥟
ぎょかい	🦪
ぎりしゃ	🇬🇷
ぎん	🥈
ぎんが	🌌
ぎんこう	💳
ぎんめだる	🥈
くうぇーと	🇰🇼
くうせき	🈳
くうちゅうふゆう	🕴
くえすちょんまーく	❔
くさ	🍀
くさり	⛓
くしゃみ	🤧
くしゃみするかお	🤧
くしゃみする	🤧
くじゃく	🦚
くじら	🐳
くすくす	🤭
くすだま	🎊
くすり	🩹
くずかご	🚮
くせげ	🦱
くだもの	🥭
くち	🤐
くちがひらいたかお	😮
くちがひらいた	😮
くちちゃっく	🤐
くちなし	😶
くちにてをあてたかお	🤭
くちにてをあてた	🤭
くちのないかお	😶
くちのない	😶
くちびる	💋
くちべに	💄
くっきー	🍪
くっくしょとう	🇨🇰
くつ	🩰
くつした	🧦
くのう	😧
くびまき	🧣
くま	🧸
くまのかお	🐻
くみあわせ	🧩
くも	🕸
くもがたのふきだし	💭
くものす	🕸
くもり	🌦
くもりいちじはれ	🌥
くもりときどきはれ	⛅
くもん	😧
くらい	🔅
くらうん	👑
くらくら	💫
くらっかー	🎉
くらぶ	♣
くらんぷ	🗜
くり	🌰
くりあ	🆑
くりかえし	🔄
くりけっと	🏏
くりすます	🤶
くりすますいぶ	🎄
くりすますつりー	🎄
くりすますとう	🇨🇽
くりっぱーとんとう	🇨🇵
くりっぷ	📎
くりっぷぼーど	📋
くりーむちーず	🥯
くるま	🚜
くるまいす	🦽
くれじっとかーど	💳
くれよん	🖍
くれーん	🏗
くろ	🏴
くろあちあ	🇭🇷
くろいはーと	🖤
くろいまる	⚫
くろしかくなか	◾
くろす	✝
くろすしたけん	⚔
くろでんわ	☎
くろはた	🏴
くろよんかくしょう	▪
くろよんかくだい	◼
くろよんかくとくだい	⬛
くろわくよんかく	🔲
くろわっさん	🥐
くろーばー	🍀
くんしょう	🎖
くーる	😎
くーるまーく	🆒
ぐあいのあくいがお	🤢
ぐあてまら	🇬🇹
ぐあどるーぷ	🇬🇵
ぐあなこ	🦙
ぐあむ	🇬🇺
ぐっど	👍
ぐらす	🥃
ぐらすでかんぱい	🥂
ぐらふ	📊
ぐらふうわむき	📈
ぐらふしたむき	📉
ぐりーん	🥗
ぐりーんさらだ	🥗
ぐりーんらんど	🇬🇱
ぐれなだ	🇬🇩
ぐれー	🦳
ぐれーぷ	🍇
ぐろーぶ	🥊
ぐー	👊
ぐーぐー	💤
けいかん	👮‍♂
けいこく	⚠
けいさつ	🚔
けいさつかん	👮‍♂
けいたい	📳
けいたいきんし	📵
けいたいじゅしん	📲
けいたいでんわ	📶
けいたいでんわきんし	📵
けいたいでんわでんげんおふ	📴
けいと	🧶
けいとだま	🧶
けいば	🐎
けいび	💂‍♂
けいまんしょとう	🇰🇾
けいりん	🚴‍♂
けが	🩹
けがしてるかお	🤕
けがしてる	🤕
けしょう	💄
けしょうしつ	🚾
けしょうすい	🧴
けっこん	🤵
けっこんしき	💒
けっしょう	❄
けつえき	🩸
けつえきがた	🆎
けつえきがたえーがた	🅰
けつえきがたえーびーがた	🆎
けつえきがたおーがた	🅾
けつえきがたびーがた	🅱
けにあ	🇰🇪
けばぶ	🥙
けばぶさんど	🥙
けむし	🐛
けん	⚔
けんきゅう	🔬
けんけつ	🩸
けんさく	🔎
けんじゅう	🔫
けんすいしきものれーる	🚟
けんせつ	🏗
けんせつさぎょういん	👷‍♂
けんせつちゅう	🏗
けんない	📶
けんばん	🎹
けんびきょう	🔬
けーき	🧁
けーぶるかー	🚠
けーる	🥬
げいじゅつ	🖼
げいじゅつか	👩‍🎨
げきじょう	🎭
げきど	😡
げっぺい	🥮
げつがく	🈷
げろ	🤮
げんかい	😫
げんきん	🈲
げんきんじどうあずけばらいき	🏧
げんこつ	👊
げんざん	➖
げんし	⚛
げんしのしんぼる	⚛
げんそ	⚛
げんつき	🛵
げーむ	🕹
こあら	🐨
こいぬのめ	🥺
こいのぼり	🎏
こいびと	🧑‍🤝‍🧑
こいぶみ	💌
こううん	🧧
こうえん	🏞
こうかい	🧭
こうきしん	🦝
こうきど	🔆
こうくう	🧭
こうぐ	🪓
こうぐばこ	🧰
こうさ	🔀
こうさく	👩‍🔧
こうしん	🆙
こうしんりょう	🌶
こうじ	🦺
こうじちゅう	🚧
こうじょう	🏭
こうそうびる	🏙
こうそく	🛣
こうそくかぼたん	⏬
こうそくじょうぼたん	⏫
こうそくどうろ	🛣
こうちゃ	☕
こうでんあつ	⚡
こうもり	🦇
こうよう	🍁
こうれいしゃ	🧓
こおり	🧊
こおろぎ	🦗
こがたき	🛩
こがたひこうき	🛩
こき	📞
こくさいれんごう	🇺🇳
こくりつこうえん	🏞
ここ	🈁
ここすしょとう	🇨🇨
ここなっつ	🥥
ここなつ	🥥
ここのまーく	🈁
こごえ	🥶
こしかけ	🪑
こすたりか	🇨🇷
こぜにいれ	👛
こそぼ	🇽🇰
こっかく	🦴
こっき	🇿🇼
こっく	👩‍🍳
こっぷ	🥤
こつつぼ	⚱
こづつみ	📦
こていでんわ	☎
こども	🧒
こどものひ	🎏
このは	🍃
こぴーき	🖨
こぴーらいと	©
こぶし	🤜
こま	♟
こまった	🙁
こまったかお	☹
こもじ	🔡
こもろ	🇰🇲
ころっけ	🧆
ころんびあ	🇰🇭
こんがん	🥺
こんごきょうわこく	🇨🇬
こんごみんしゅきょうわこく	🇨🇩
こんせんと	🔌
こんとろーら	🕹
こんとろーる	🎛
こんとろーるつまみ	🎛
こんぱす	🧭
こんびに	🏪
こんびにえんすすとあ	🏪
こんぴゅーた	👩‍💻
こんぴゅーたー	🖲
こんらん	😖
こんわく	😖
こんわくしたかお	😖
こんわくした	😖
こーと	🧥
こーとじぼわーる	🇨🇮
こーひー	☕
こーん	🌽
ごう	🈴
ごうい	🤝
ごうかく	🈴
ごうきゅう	😭
ごうまーく	🈴
ごくひ	㊙
ごしゅうぎ	🧧
ごせんふ	🎼
ごはん	🍚
ごみ	🚯
ごみかご	🗑
ごみすてて	🚮
ごみすててきんし	🚯
ごみばこ	🚮
ごめんなさい	🙏
ごらいこう	🌄
ごりら	🦍
ごるふ	🚩
ごるふぁー	🏌‍♂
ごるふをするおとこ	🏌‍♂
ごるふをするおんな	🏌‍♀
ごるふをするひと	🏌
ごんどら	🚡
ごーぐる	🥽
ごーすと	👻
ごーる	🥍
ごーるど	🥇
ごーるねっと	🥅
さい	🦏
さいえんす	🔭
さいきん	🦠
さいくつ	⛏
さいくりんぐ	🚵‍♂
さいくろん	🌀
さいころ	🎲
さいせい	♻
さいせいぼたん	▶
さいたはな	🌼
さいばん	👩‍⚖
さいばんかん	👩‍⚖
さいふ	👛
さいほう	🧵
さいりよう	♻
さいん	🚧
さうじあらびあ	🇸🇦
さうな	🧖‍♂
さうなにはいるおとこ	🧖‍♂
さうなにはいるおんな	🧖‍♀
さうなにはいるひと	🧖
さかさま	🙃
さかさまのかお	🙃
さかな	🦈
さかなをたべる	🦦
さきそふぉん	🎷
さくそふぉん	🎷
さくら	🌸
さくらんぼ	🍒
さけ	🍶
さけび	😱
さそり	🦂
さそりざ	♏
さっかー	⚽
さっかーぼーる	⚽
さっくす	🎷
さつたば	💸
さつまいも	🍠
さのまーく	🈂
さばく	🏜
さぼてん	🏜
さぼてんのあるさばく	🏜
さむいかお	🥶
さむい	🥶
さむさ	🥶
さむずあっぷ	👍
さむずだうん	👎
さめ	🦈
さもあ	🇼🇸
さゆう	↔
さゆうやじるし	↔
さら	🍽
さらだ	🥗
さらりーまん	👩‍💼
さりー	🥻
さる	🦧
さるのかお	🐵
さるまーく	🈸
さんえん	🙊
さんかく	🔻
さんかくじょうぎ	📐
さんかくのはた	🚩
さんがく	⛰
さんぐらす	🕶
さんぐらすでえがお	😎
さんた	🎅
さんたくろーす	🤶
さんだる	👡
さんどいっち	🥪
さんぱつされるおとこ	💇‍♂
さんぱつされるおんな	💇‍♀
さんぱつされるひと	💇
さんまりの	🇸🇲
さんりんたくしー	🛺
さーかす	🎪
さーびす	🐕‍🦺
さーびすりょう	🈂
さーふぁー	🏄‍♂
さーふぃん	🏄
さーふぃんするおとこ	🏄‍♂
さーふぃんするおんな	🏄‍♀
さーふぃんするひと	🏄
ざせき	💺
ざりがに	🦞
ざんびあ	🇿🇲
しぇふ	👩‍🍳
しえられおね	🇸🇱
しお	🧂
しおふき	🐳
しおふきくじら	🐳
しおり	🔖
しおれた	🥀
しおれたはな	🥀
しか	🦌
しかく	🦯
しかくぼたん	🔳
しかめがお	🙍‍♂
しかめっつら	🙍‍♂
しかめめん	🙍
しかめめんのおとこ	🙍‍♂
しかめめんのおんな	🙍‍♀
しかめめんのひと	🙍
しきじょう	💒
しけんかん	🧪
しごせん	🌐
しごせんのあるちきゅう	🌐
ししざ	♌
しじょう	💹
しずかに	🤫
しずく	💧
しせき	🏛
しぜん	🏞
した	🤑
したぎ	🩳
したむき	📉
したをだしたかお	😛
したをだした	😛
しちめんちょう	🦃
しちゅー	🍲
しっ	🤫
しっくい	🧱
しつぼうしたかお	😞
しつぼうした	😞
しつれん	💔
していせき	🈯
しなごーぐ	🕍
しま	🏝
しまうま	🦓
しましま	🦓
しもかーぶやじるし	⤵
しもぼたん	🔽
しもやけ	🥶
しもやじるし	⬇
しもゆびさし	👇
しゃがいひ	㊙
しゃしゅ	🏹
しゃしん	📸
しゃっふる	🔀
しゃっふるぼたん	🔀
しゃつ	👚
しゃとる	🏸
しゃべる	🦜
しゃりょうしんにゅうきんし	⛔
しゃりょうつうこうどめ	🚫
しゃわー	🚿
しゃんぱん	🥂
しゃんぷー	🧴
しゃんぺん	🥂
しゅうかく	🧺
しゅうきょう	🛕
しゅえい	💂‍♂
しゅく	㊗
しゅくじつ	🎌
しゅくじつのはた	🎌
しゅくまーく	㊗
しゅつにゅうこく	🛂
しゅつにゅうこくしんさ	🛂
しゅどうしきくるまいす	🦽
しゅどうしきくるまいすのじょせい	👩‍🦽
しゅどうしきくるまいすのだんせい	👨‍🦽
しゅのーけりんぐ	🤿
しゅりんぷ	🦐
しゅーず	🩰
しょうおん	🔕
しょうか	🧯
しょうかき	🧯
しょうかきぐ	🧯
しょうがい	🧏‍♂
しょうがくせい	🎒
しょうがっこう	🎒
しょうがつ	🎍
しょうきん	💰
しょうげき	💥
しょうご	🕛
しょうじょ	👧
しょうとつ	💥
しょうねん	👦
しょうはい	🏆
しょうひょう	™
しょうひょうまーく	™
しょうぼう	🧯
しょうぼうし	👩‍🚒
しょうぼうしゃ	🚒
しょうようせい	🧝
しょくだい	🕎
しょくぱん	🍞
しょくぶつ	🏵
しょしんしゃ	🔰
しょしんしゃまーく	🔰
しょせき	📚
しょっき	🥄
しょっく	🤯
しょっぴんぐ	🛒
しょっぴんぐかーと	🛒
しょっぴんぐばっぐ	🛍
しょぼーん	😔
しょるい	📜
しょんぼり	😔
しょーつ	🩳
しょーとけーき	🍰
しらけ	😒
しらけた	😒
しらける	😒
しらとり	🦢
しりあ	🇸🇾
しりある	🥣
しるえっと	🗣
しるくはっと	🎩
しるばー	🥈
しろ	🏳
しろいかんたんふ	❕
しろいぎもんふ	❔
しろいはーと	🤍
しろいまる	⚪
しろしかくなか	◽
しろぬきのちぇっく	✅
しろぬきのばつ	❎
しろよんかくしょう	▫
しろよんかくだい	◻
しろよんかくとくだい	⬜
しろわくよんかく	🔳
しんか	🧬
しんかんせん	🚅
しんがぽーる	🇸🇬
しんがー	👩‍🎤
しんげつ	🌚
しんごう	🚦
しんごうき	🚦
しんごうたて	🚦
しんごうよこ	🚥
しんしくつ	👞
しんせい	🈸
しんぞう	🩺
しんとう	⛩
しんぱい	😟
しんぶん	🗞
しんぶんし	🗞
しんぼる	♂
しんめ	🌱
しー	🤫
しーえる	🆑
しーえるまーく	🆑
しーっ	🤫
しーでぃー	📀
しーと	🪑
しーふーど	🦪
しーるど	🛡
じぇすちゃー	🤷‍♂
じぇっとこーすたー	🎢
じぐそーぱずる	🧩
じしゃく	🧭
じじ	🃏
じっけん	🧪
じてんしゃ	🚵‍♂
じてんしゃきんし	🚳
じてんしゃにのるおとこ	🚴‍♂
じてんしゃにのるおんな	🚴‍♀
じてんしゃにのるひと	🚴
じとめ	😒
じどうおうだん	🚸
じどうしゃ	🚙
じどうしゃしょうめん	🚘
じどり	🤳
じぶち	🇩🇯
じぶらるたる	🇬🇮
じぶんどり	🤳
じゃがいも	🥔
じゃぐらー	🤹‍♂
じゃぐりんぐ	🤹‍♂
じゃぐりんぐをするおとこ	🤹‍♂
じゃぐりんぐをするおんな	🤹‍♀
じゃぐりんぐをするひと	🤹
じゃけっと	🧥
じゃし	🧿
じゃまいか	🇯🇲
じゃんぷ	🦘
じゃーじー	🇯🇪
じゅう	🔫
じゅうごや	🎑
じゅうさんないと	🌔
じゅうじか	✝
じゅうたくがい	🏘
じゅうどう	🥋
じゅうりょうあげ	🏋
じゅうりょうあげをするおとこ	🏋‍♂
じゅうりょうあげをするおんな	🏋‍♀
じゅうりょうあげをするひと	🏋
じゅえりー	💎
じゅしん	📲
じゅしんき	📻
じゅしんちゅう	📨
じゅしんとれい	📥
じゅず	📿
じゅにゅう	🤱
じゅわき	📞
じゅーす	🧃
じゆうのめがみ	🗽
じょいすてぃっく	🕹
じょう	🔓
じょうか	↕
じょうききかんしゃ	🚂
じょうぎ	📐
じょうげやじるし	↕
じょうげん	🌓
じょうげんのつき	🌛
じょうざん	❎
じょうしょう	📈
じょうだん	😜
じょうはんしん	👥
じょうば	🐎
じょうほう	ℹ
じょうりゅうき	⚗
じょうりょくじゅ	🌲
じょぎんぐ	🏃‍♂
じょざん	➗
じょしがくせい	👩‍🎓
じょしといれ	🚺
じょせい	🧟‍♀
じょせいうちゅうひこうし	👩‍🚀
じょせいかいしゃいん	👩‍💼
じょせいかがくしゃ	👩‍🔬
じょせいかしゅ	👩‍🎤
じょせいぎじゅつしゃ	👩‍💻
じょせいけいさつかん	👮‍♀
じょせいしょうぼうし	👩‍🚒
じょせいのあくやく	🦹‍♀
じょせいのいしゃ	👩‍⚕
じょせいのえいへい	💂‍♀
じょせいのきょうし	👩‍🏫
じょせいのけんせつさぎょういん	👷‍♀
じょせいのげいじゅつか	👩‍🎨
じょせいのこっく	👩‍🍳
じょせいのさいばんかん	👩‍⚖
じょせいのさんた	🤶
じょせいのすーぱーひーろー	🦸‍♀
じょせいのせいびし	👩‍🔧
じょせいのたんてい	🕵‍♀
じょせいのまーく	♀
じょせいのようせつこう	👩‍🏭
じょせいぱいろっと	👩‍✈
じょっき	🍻
じょっきー	🏇
じょーい	🦘
じょーかー	🃏
じょーく	🤪
じょーじあ	🇬🇪
じんこうえいせい	🛰
じんこうそうぐ	🦿
じんじゃ	⛩
じんばぶえ	🇿🇼
じーんず	👖
すいえい	🥽
すいか	🍉
すいきゅう	🤽‍♂
すいきゅうをするおとこ	🤽‍♂
すいきゅうをするおんな	🤽‍♀
すいきゅうをするひと	🤽
すいぎゅう	🐃
すいしょう	🔮
すいしょうだま	🔮
すいす	🇨🇭
すいせい	☄
すいてき	💧
すいどう	🚰
すいまー	🏊‍♂
すいみん	🛏
すいみんぐ	🏊‍♂
すいむ	🏊‍♂
すいむうぇあ	🩳
すいーつ	🧁
すうぇーでん	🇸🇪
すうじ	🔢
すうじのにゅうりょく	🔢
すう゛ぁーるばるしょとうおよびやんまいえんとう	🇸🇯
すかいだいびんぐ	🪂
すかる	💀
すかんく	🦨
すかーふ	🧣
すかーふのじょせい	🧕
すきゅーば	🤿
すきー	🎿
すきーやー	⛷
すくーたー	🛵
すぐ	🔜
すけじゅーる	🗓
すけぼー	🛹
すけるとん	🛷
すけーと	⛸
すけーとぼーど	🛹
すこあ	🎼
すこしこまった	🙁
すこしこまったかお	🙁
すこしだけ	🤏
すし	🍣
すすき	🎑
すず	🔕
すたじあむ	🏟
すたじおまいく	🎙
すたー	🌠
すてぃっく	🥍
すてごま	♟
すてーき	🥩
すてーきにく	🥩
すとっく	🎿
すとっぷ	🛑
すとっぷうぉっち	⏱
すとろべりー	🍓
すとろーかっぷ	🥤
すとーん	🥌
すな	⏳
すながおちているすなどけい	⏳
すなどけい	⏳
すなはま	🏖
すにーかー	👟
すのぼ	🏂
すのーぼーだー	🏂
すのーぼーど	🏂
すぱい	🕵
すぱいだー	🕷
すぱげってぃ	🍝
すぱげってぃー	🍝
すぱな	🔧
すぱーくりんぐわいん	🥂
すぱーくる	❇
すぴーかー	🔊
すぴーかーおとかずお	🔊
すぴーかーおんりょうしょう	🔉
すぴーかーしょうおん	🔇
すぴーどぼーと	🚤
すぷまんて	🥂
すぷーん	🥄
すぺいん	🇪🇸
すぺーど	♠
すぽっく	🖖
すぽんじ	🧽
すぽーつ	🥎
すまいりー	☺
すまいる	🤭
すまほ	🤳
すまほきんし	📵
すまーとふぉん	📶
すまーとふぉんきんし	📵
すみこおり	🧊
すらいだー	🎚
すりっぽん	🥿
すりなむ	🇸🇷
すりらんか	🇱🇰
すりーせぶん	🎰
すろっと	🎰
すろっとましん	🎰
すろばきあ	🇸🇰
すろべにあ	🇸🇮
すわじらんど	🇸🇿
すわる	🧎‍♂
すーだん	🇸🇩
すーつ	🕴
すーつけーす	🧳
すーぱー	🛒
すーぱーひーろー	🦸
ずぼん	👖
ずるかしこい	🦝
せいざ	🦂
せいざするじょせい	🧎‍♀
せいざするだんせい	🧎‍♂
せいざするひと	🧎
せいじん	🧑
せいち	🕋
せいびし	🧰
せいぶつがく	🧬
せいほうけい	🟫
せいようなし	🍐
せいようのしろ	🏰
せいようのゆうびんきょく	🏤
せいり	🩸
せいれい	🧞‍♂
せうたとめりりゃ	🇪🇦
せかい	🗺
せかいちず	🗺
せき	💺
せきどうぎにあ	🇬🇶
せきめん	😳
せきゅりてぃ	🔐
せきゆ	🛢
せじょう	🔒
せっけん	🧼
せねがる	🇸🇳
せりふ	🗨
せるびあ	🇷🇸
せるふぃー	🤳
せんきょ	🗳
せんこうはなび	🎇
せんさくすき	🦝
せんせい	👩‍🏫
せんたく	🧺
せんとへれな	🇸🇭
せんとるしあ	🇱🇨
せんべい	🍘
せんろ	🛤
せーしぇる	🇸🇨
ぜいかん	🛃
ぜつぼうするねこ	🙀
ぜむくりっぷ	📎
ぜん	🦸‍♂
ぜんきょく	🔁
ぜんといせいかい	💯
そあたま	🦲
そうぎ	⚱
そうしょくきょうりゅう	🦕
そうしん	📩
そうしんとれい	📤
そうじ	🧽
そうじゅうし	👩‍✈
そっくす	🧦
そつぎょう	👩‍🎓
そふぁ	🛋
そふぁとらんぷ	🛋
そふと	🍦
そふとくりーむ	🍦
そふとたこす	🌯
そふとぼーる	🥎
そまりあ	🇸🇴
そら	🈳
そらとぶえんばん	🛸
そらまーく	🈳
そり	🛷
そりきょうぎ	🛷
そろばん	🧮
そろもんしょとう	🇸🇧
そーせーじ	🌭
そーぷ	🧼
ぞう	🗿
ぞんび	🧟‍♂
たい	🇹🇭
たいおんけい	🤒
たいくつ	🥱
たいこ	🥁
たいそう	🤸‍♂
たいふう	🌀
たいへんよくできました	💮
たいまー	⏲
たいよう	🌦
たいわん	🇹🇼
たうんみーてぃんぐまーく	™
たきしーど	🤵
たくしー	🛺
たくしーしょうめん	🚖
たくはいびん	📦
たぐ	🔖
たけ	🎍
たこ	🪁
たこあげ	🪁
たこす	🌮
たしざん	➕
たじきすたん	🇹🇯
たす	➕
たすき	🎽
たすけて	🆘
ただ	🈚
たっきゅう	🏓
たっきゅうびん	📦
たっている	🧍
たつおとこ	🧍‍♂
たつおんな	🧍‍♀
たつひと	🧍
たつまき	🌪
たて	🛡
たてたなかゆび	🖕
たてもの	🛕
たなばた	🎋
たばこ	🚭
たま	🔮
たまきのあるわくせい	🪐
たまご	🥚
たまごからかえったひよこ	🐣
たまねぎ	🧅
たらーっ	💧
たると	🥧
たわー	🗼
たんざく	🎋
たんざにあ	🇹🇿
たんじょうび	🎂
たんてい	🕵‍♂
たんとう	🗡
たんぶらー	🥃
たんぶらーぐらす	🥃
たーきー	🦃
たーばん	👳‍♂
たーばんのじょせい	👳‍♀
たーばんのだんせい	👳‍♂
たーばんのひと	👳
だいあ	🔹
だいおんりょう	🔊
だいす	🎲
だいちょう	📒
だいどうげい	🤹‍♂
だいなき	😭
だいなまいと	🧨
だいや	🔹
だがー	🗡
だっしゅ	💨
だびで	🔯
だびでのほし	✡
だぶるしー	🚾
だぶるるーぷ	➿
だめ	🙅
だめのぽーずをするおとこ	🙅‍♂
だめのぽーずをするおんな	🙅‍♀
だめのぽーずをするひと	🙅
だんご	🍡
だんさー	🕺
だんしがくせい	👨‍🎓
だんしといれ	🚹
だんじょ	👫
だんす	🩰
だんせい	🧟‍♂
だんせいうちゅうひこうし	👨‍🚀
だんせいかいしゃいん	👨‍💼
だんせいかがくしゃ	👨‍🔬
だんせいかしゅ	👨‍🎤
だんせいぎじゅつしゃ	👨‍💻
だんせいけいさつかん	👮‍♂
だんせいしょうぼうし	👨‍🚒
だんせいのあくやく	🦹‍♂
だんせいのいしゃ	👨‍⚕
だんせいのえいへい	💂‍♂
だんせいのきょうし	👨‍🏫
だんせいのけんせつさぎょういん	👷‍♂
だんせいのげいじゅつか	👨‍🎨
だんせいのこっく	👨‍🍳
だんせいのさいばんかん	👨‍⚖
だんせいのすーぱーひーろー	🦸‍♂
だんせいのせいびし	👨‍🔧
だんせいのたんてい	🕵‍♂
だんせいのまーく	♂
だんせいのようせつこう	👨‍🏭
だんせいぱいろっと	👨‍✈
だんぼーる	📦
だんまり	😶
だーつ	🎯
ちいさいあおのひしがた	🔹
ちいさいおれんじのひしがた	🔸
ちぇあ	🪑
ちぇこ	🇨🇿
ちぇす	♟
ちぇすのこま	♟
ちぇっかーふらっぐ	🏁
ちぇっく	✔
ちぇっくぼっくす	☑
ちぇっくまーく	✔
ちぇりー	🍒
ちぇーん	⛓
ちかてつ	🚇
ちからこぶ	💪
ちきゅう	🌐
ちきん	🍗
ちけっと	🎫
ちしき	🧠
ちず	🗾
ちゃいろ	🟫
ちゃいろいしかく	🟫
ちゃいろいはーと	🤎
ちゃいろのまる	🟤
ちゃくしんちゅう	📲
ちゃくりく	🛬
ちゃっく	🤐
ちゃど	🇹🇩
ちゃーと	📊
ちゅうい	⚠
ちゅうおうあふりかきょうわこく	🇨🇫
ちゅうか	🥡
ちゅうかかし	🥮
ちゅうかぼうのだんせい	👲
ちゅうごく	🇨🇳
ちゅうしゃ	💉
ちゅうしゃき	💉
ちゅうしゃじょう	🅿
ちゅうしゅうせつ	🥮
ちゅうどく	🥴
ちゅっ	😽
ちゅにじあ	🇹🇳
ちゅーりっぷ	🌷
ちょう	🦋
ちょうおん	➰
ちょうかく	🧏‍♂
ちょうきょりそう	🎽
ちょうしょく	🥣
ちょうしんき	🩺
ちょうじん	🦹‍♂
ちょうぞう	🗽
ちょうちん	🏮
ちょうみりょう	🧂
ちょき	✌
ちょこ	🍫
ちょこれーと	🍫
ちょさくけん	©
ちょさくけんまーく	©
ちょっき	🦺
ちょっと	🤏
ちり	🇨🇱
ちりょう	⚕
ちんげんさい	🥬
ちんもく	😶
ちーず	🧀
つうか	💷
つうかん	🛃
つうがくろ	🚸
つうこうどめ	🚧
つえ	🦯
つえをついたじょせい	👩‍🦯
つえをついただんせい	👨‍🦯
つかれ	🥱
つかれた	😫
つき	🎑
つきぎめ	🈷
つきまーく	🈷
つきみ	🎑
つきめくりかれんだー	🗓
つぎのきょくぼたん	⏭
つぎのしーん	⏭
つぎのとらっく	⏭
つけもの	🥒
つながったくりっぷ	🖇
つなぐ	🧑‍🤝‍🧑
つばる	🇹🇻
つぼ	🏺
つまみ	🎛
つまんでいるゆび	🤏
つめ	💅
つめたい	🧊
つらい	🌶
つらら	🥶
つり	🎣
つりざお	🎣
つりー	🎄
つるぎ	⚔
つるはし	⛏
つーるぼっくす	🧰
てあて	🩹
てぃらのさうるす	🦖
てぃーおーぴー	🔝
てぃーおーぴーやじるし	🔝
てぃーしゃつ	👕
てぃーぶい	📺
ていきど	🔅
ていくあうとべんとう	🥡
ていし	⏹
ていしぼたん	⏹
ていてつ	🧲
てがかり	🗝
てがき	✍
てがみ	📮
てがみあり	📬
てがみなし	📭
てき	🎯
てこんどー	🥋
てつどう	🛤
てでぃべあ	🧸
てでかく	✍
てにす	🎾
てにすぼーる	🎾
てにもつ	🛅
てにもつあずかり	🛅
てにもつうけとり	🛄
てのこう	🤚
てのこうかみさしさし	👆
てのひら	👐
てのひらをそろえたりょうて	🤲
てぶくろ	🧤
てら	🛕
てれび	📺
てれびげーむ	🕹
てをあげる	🙌
てをあげるおとこ	🙋‍♂
てをあげるおんな	🙋‍♀
てをあげるひと	🙋
てをつなぐ	🧑‍🤝‍🧑
てをつなぐじょせい	👭
てをつなぐだんじょ	👫
てをつなぐだんせい	👬
てをふる	👋
てんき	🌫
てんきあめ	🌦
てんぐ	👺
てんし	👼
てんしのわ	😇
てんしのわがついたえがお	😇
てんしん	🥟
てんたい	🪐
てんたいかんそく	🔭
てんと	🏕
てんとうむし	🐞
てんびん	⚖
てんびんざ	♎
てんぷら	🍤
てんぽうりん	☸
でぃえごがるしあとう	🇩🇬
でぃすかうんと	🈹
でぃすく	📀
でぃぷろどくす	🦕
でぃやらんぷ	🪔
でぃーえぬえー	🧬
でぃーぶいでぃー	📀
でざーと	🍰
ですくとっぷ	🖥
ですくとっぷぱそこん	🖥
でにむ	👖
でぱーと	🏬
でびる	😈
でべろっぱ	👩‍💻
でんき	⚡
でんきゅう	💡
でんげん	🔌
でんげんおふ	📴
でんしめーる	📩
でんしゃ	🚟
でんしゃしょうめん	🚆
でんせつ	🧚
でんち	🔋
でんでんむし	🐌
でんどうくるまいす	🦼
でんどうくるまいすのじょせい	👩‍🦼
でんどうくるまいすのだんせい	👨‍🦼
でんぱ	📶
でんまーく	🇩🇰
でんわ	🤙
でんわのあいず	🤙
でんわのじぇすちゃー	🤙
といれ	🚾
といれっとぺーぱー	🧻
とぅくとぅく	🛺
とうがらし	🌶
とうきょう	🗼
とうきょうたわー	🗼
とうしゅーず	🩰
とうひょうばこ	🗳
とうもろこし	🌽
とうろくしょうひょう	®
とうろくしょうひょうまーく	®
とおかんやのつき	🌔
とおんきごう	🎼
とかい	🏙
とかげ	🦎
ときめき	💗
とく	🉐
とくいげ	😤
とけい	🕰
とけいまわり	🔃
とけらう	🇹🇰
とげ	🦔
とこや	💈
とざん	🧗‍♂
とざんぐつ	🥾
とざんてつどう	🚞
とざんでんしゃ	🚞
とじた	📫
とじたかさ	🌂
とじたじょう	🔒
とじたじょうとかぎ	🔐
とじたじょうとぺん	🔏
とじたほん	📕
とっくり	🍶
とっぷ	🔝
とっぷう	🌪
とびら	🚪
とまと	🍅
とまれ	🛑
とまれのひょうしき	🛑
とめぴん	🧷
ともだち	🧑‍🤝‍🧑
とら	🐯
とらいでんと	🔱
とらくたー	🚜
とらっく	🚛
とらっくぼーる	🖲
とらのかお	🐯
とらんぷ	🃏
とらんぺっと	🎺
とり	🦩
とりい	⛩
とりすたんだくーにゃ	🇹🇦
とりだし	⏏
とりだしぼたん	⏏
とりももにく	🍗
とるくめにすたん	🇹🇲
とるこ	🇹🇷
とれい	📥
とれーどまーく	™
とれーらー	🚛
とろぴかる	🥭
とろぴかるどりんく	🍹
とろふぃー	🏆
とろりーばす	🚎
とんかち	🛠
とんが	🇹🇴
とーご	🇹🇬
どあ	🚪
どいつ	🇩🇪
どう	🥉
どうが	📼
どうきょう	☯
どうぎ	🥋
どうしよう	😥
どうせい	👭
どうぶつ	🦩
どうめだる	🥉
どうろ	🛣
どきどき	💗
どきどきするはーと	💓
どく	🐍
どくろ	💀
どくろとほね	☠
どげざ	🙇‍♂
どせい	🪐
どっとつきひしがた	💠
どみにかきょうわこく	🇩🇴
どみにかこく	🇩🇲
どらきゅら	🧛‍♂
どらごん	🐲
どらごんのかお	🐲
どらむ	🥁
どらむかん	🛢
どりんく	🧉
どる	💸
どるきごう	💲
どるさつ	💵
どるぶくろ	💰
どれす	👗
どんっ	💥
どんぶり	🍜
どーなつ	🍩
ないしょ	🤭
ないじぇりあ	🇳🇬
ないているねこ	😿
ないふ	🗡
ないふとふぉーく	🍴
ないふとふぉーくとさら	🍽
なうる	🇳🇷
なかゆび	🖕
ながれぼし	🌠
なきがお	😢
なく	😭
なげきっす	😘
なさけ	🥺
なざーる	🧿
なし	🍐
なす	🍆
なっつ	🥜
なっと	🔩
なつ	🎐
なふだ	📛
なべ	🍲
なまがき	🦪
なまけもの	🦥
なまはげ	👹
なみ	🌊
なみだ	😿
なみのり	🏄‍♂
なみびあ	🇳🇦
なやむかお	😟
なやむ	😟
なると	🍥
なんきょくたいりく	🇦🇶
なんせい	↙
なんとう	↘
にうえ	🇳🇺
におい	🧄
にからぐあ	🇳🇮
にく	🥩
にくきゅう	🐾
にくだんご	🧆
にくまん	🥟
にこにこ	😊
にこにこぺろり	😋
にこみ	🍲
にし	⬅
にしさはら	🇪🇭
にじ	🌈
にじいろのはた	🏳‍🌈
にじぇーる	🇳🇪
にじゅうまる	🔘
にっこり	😀
にっこりきす	😙
にっこりわらう	😀
にっこりわらうねこ	😺
にっと	🧶
にっぽん	🗾
にふだ	🏷
にほんしゅ	🍶
にほんちず	🗾
にもつ	📦
にもの	🍲
にやっとわらう	😁
にやっとわらうねこ	😸
にやり	😼
にやりとするねこ	😼
にゅうしゅっこく	🛂
にゅうじょうけん	🎟
にゅうじょうぱす	🎟
にゅうせいひん	🧈
にゅうりょく	🔣
にゅー	🆕
にゅーかれどにあ	🇳🇨
にゅーじーらんど	🇳🇿
にゅーす	🗞
にゅーまーく	🆕
にゅーよーく	🗽
にわ	🏡
にわつきのいえ	🏡
にわとり	🐔
にんぎょ	🧜‍♂
にんぎょう	🎎
にんしん	🤰
にんじん	🥕
にんにく	🧄
にんぷ	🤰
ぬいぐるみ	🧸
ぬいはり	🧵
ねいる	💅
ねぎ	🧅
ねくたい	👔
ねこ	🙀
ねこのかお	🐱
ねこのきす	😽
ねじり	🥨
ねずみ	🐹
ねずみのかお	🐭
ねっくれす	📿
ねったい	🦩
ねったいぎょ	🐠
ねっちゅうしょう	🥵
ねっと	🥅
ねつ	🦟
ねつがあるかお	🤒
ねつがある	🤒
ねつをはかる	🤒
ねぱーる	🇳🇵
ねまちのつき	🌖
ねむい	🥱
ねむる	😴
ねりもの	🍥
ねる	🛏
ねんず	📿
ねんど	🧱
ねんぱい	🦳
のう	🧠
のうか	👩‍🌾
のうかのじょせい	👩‍🌾
のうかのだんせい	👨‍🌾
のうふ	👨‍🌾
のうみそ	🧠
ののしり	🤬
ののしる	🤬
のぶ	🎛
のみすい	🚰
のみもの	🧉
のみや	🏮
のめないみず	🚱
のりもの	🛸
のるうぇー	🇳🇴
のんびり	🦥
のーと	🗒
のーとぱそこん	💻
のーふぉーくとう	🇳🇫
はいおく	🏚
はいきんぐ	🥾
はいきんぐしゅーず	🥾
はいしゃ	🦷
はいたつ	🚚
はいち	🇭🇹
はいひーる	👠
はいびすかす	🌺
はかり	⚖
はきけをもよおしているかお	🤢
はきけをもよおしている	🤢
はく	🧹
はくしゅ	👏
はくじゅうじ	⛑
はくじゅうじへるめっと	⛑
はくじょう	🦯
はくはつ	🦳
はぐ	🤗
はぐるま	⚙
はげあたま	🦲
はこ	🗃
はさみ	🦞
はし	🥢
はしる	💨
はしるおとこ	🏃‍♂
はしるおんな	🏃‍♀
はしるひと	🏃
はせん	〰
はた	🚩
はち	🐝
はちぇっと	🪓
はちみつ	🍯
はちゅうるい	🦎
はっかくあすたりすく	✳
はっかくぼし	✴
はっき	🏳
はったんじゅうじか	☦
はつかねずみ	🐁
はつづき	🌒
はつねつ	🥵
はてなまーく	❔
はで	🦚
はと	🕊
はな	🥀
はないき	😤
はなかざり	🏵
はなす	🗣
はなすひとのしるえっと	🗣
はなたば	💐
はなび	🎇
はなびたいかい	🎆
はなふだ	🎴
はなまる	💮
はなむこ	🤵
はなよめ	👰
はにー	🍯
はねがはえたおかね	💸
はのさい	🥬
はむすたー	🐹
はむすたーのかお	🐹
はやおくり	⏩
はやおくりぼたん	⏩
はやもどし	⏪
はやもどしぼたん	⏪
はりけーん	🌀
はりねずみ	🦔
はれ	🌤
はれときどきくもり	🌤
はろう	🌊
はろうぃん	🎃
はろうぃんかぼちゃ	🎃
はろうぃーん	🎃
はんがりー	🇭🇺
はんけん	🎟
はんしゃ	🦺
はんせん	⛵
はんつき	🌗
はんとけいまわり	🔄
はんどばっぐ	👜
はんどぼーる	🤾‍♂
はんどぼーるをするおとこ	🤾‍♂
はんどぼーるをするおんな	🤾‍♀
はんどぼーるをするひと	🤾
はんにん	🦹‍♂
はんばーがー	🍔
はんまー	🔨
はんまーとつるはし	⚒
はんまーとれんち	🛠
はーと	🧡
はーとでこ	💟
はーとでこれーしょん	💟
はーとにや	💘
はーとにりぼん	💝
はーとのえがお	🥰
はーとのびっくり	❣
はーどとうとまくどなるどしょとう	🇭🇲
はーぶ	🌿
ばいおはざーど	☣
ばいおりん	🎻
ばいく	🏍
ばいす	🗜
ばいばい	👋
ばいよう	🧫
ばくだん	💣
ばくちく	🧨
ばくてりあ	🧫
ばくはつ	🧨
ばくやく	🧨
ばけもの	👹
ばげっじくれーむ	🛄
ばげっと	🥖
ばす	🚐
ばすけ	🏀
ばすけっとぼーる	🏀
ばすけっとぼーるをするおとこ	⛹‍♂
ばすけっとぼーるをするおんな	⛹‍♀
ばすけっとぼーるをするひと	⛹
ばすしょうめん	🚍
ばすたぶ	🛁
ばすてい	🚏
ばすのりば	🚏
ばたー	🧈
ばちかんしこく	🇻🇦
ばっく	🔙
ばっくぱっく	🥾
ばっぐ	🛍
ばった	🦗
ばってりー	🔋
ばっと	🏏
ばっふぁろー	🐃
ばつ	🙅‍♂
ばどみんとん	🏸
ばなな	🍌
ばにー	👯
ばにーがーる	👯‍♀
ばにーぼーい	👯‍♂
ばぬあつ	🇻🇺
ばはま	🇧🇸
ばば	🃏
ばみゅーだ	🇧🇲
ばら	🌹
ばりあふりー	♿
ばりやふりー	♿
ばるかんじん	🖖
ばるかんのあいさつ	🖖
ばるばどす	🇧🇧
ばるーん	🎈
ばれえ	🩰
ばれえしゅーず	🥿
ばれんたいんでー	💝
ばれー	🏐
ばれーぼーる	🏐
ばんぐらでしゅ	🇧🇩
ばんざい	🙌
ばんじょー	🪕
ばんそうこう	🩹
ばんぱいあ	🧛‍♂
ばんぶつ	♾
ばー	🍺
ばーがー	🍔
ばーさす	🆚
ばーさすまーく	🆚
ばーすでー	🎂
ばーすでーけーき	🎂
ばーばー	💈
ばーれーん	🇧🇭
ぱい	🥧
ぱいなっぷる	🍍
ぱいん	🍍
ぱえりあ	🥘
ぱきすたん	🇵🇰
ぱすた	🍝
ぱすぽーとこんとろーる	🛂
ぱすわーど	🗝
ぱずる	🧩
ぱそこん	🖲
ぱちぱち	👏
ぱっきんぐ	🧳
ぱっく	🧚
ぱとかー	🚨
ぱとかーしょうめん	🚔
ぱとらんぷ	🚨
ぱなま	🇵🇦
ぱぷあにゅーぎにあ	🇵🇬
ぱらお	🇵🇼
ぱらぐあい	🇵🇾
ぱらぐらいだー	🪂
ぱらしゅーと	🪂
ぱらそる	🏖
ぱらぼら	📡
ぱらぼらあんてな	📡
ぱれすちなじちく	🇵🇸
ぱれっと	🎨
ぱん	🥪
ぱんけーき	🥞
ぱんだ	🐼
ぱんだのかお	🐼
ぱんち	🤜
ぱんちぱーま	🦱
ぱんつ	🩳
ぱんや	🥯
ぱー	🖐
ぱーきんぐ	🅿
ぱーてぃー	🥳
ぱーてぃーくらっかー	🎉
ぱーてぃーのかお	🥳
ひがし	➡
ひがしてぃもーる	🇹🇱
ひきざん	➖
ひきだし	🗄
ひく	➖
ひげ	🧔
ひげすり	🪒
ひこうき	🛬
ひこうきちゃくりく	🛬
ひこうきりりく	🛫
ひざまずく	🧎‍♂
ひしがた	🔹
ひじゃぶ	🧕
ひじょうしょく	🥫
ひたいにて	🤦‍♂
ひたいにてをあてるおとこ	🤦‍♂
ひたいにてをあてるおんな	🤦‍♀
ひたいにてをあてるひと	🤦
ひだり	🤛
ひだりうえ	↖
ひだりうえやじるし	↖
ひだりかーぶやじるし	↪
ひだりした	↙
ひだりしたやじるし	↙
ひだりまわりやじるし	🔄
ひだりむきのこぶし	🤛
ひだりやじるし	⬅
ひだりゆびさし	👈
ひつじ	🐑
ひづけ	🗓
ひと	🧑‍🤝‍🧑
ひとつめ	👁
ひとのしるえっと	👤
ひな	🦢
ひなまつり	🎎
ひので	🌅
ひのまる	🎌
ひまわり	🌻
ひみつ	㊙
ひめくりかれんだー	📆
ひも	🧵
ひゃっかてん	🏬
ひやあせ	😰
ひやあせあおざめ	😰
ひやあせえがお	😅
ひやけどめ	🧴
ひょう	🐆
ひょうしき	🛑
ひょうしつきのーと	📔
ひょうしょう	🏆
ひよこ	🐥
ひよこまめ	🧆
ひらいた	📭
ひらいたじょう	🔓
ひらいたて	🖐
ひらいたふぉるだー	📂
ひらいたほん	📖
ひらめき	💡
ひろいん	🦸‍♀
ひんぎゅう	🐄
ひんずーきょう	🛕
ひんどぅーきょう	🕉
ひんどぅーきょうのじいん	🛕
ひーろー	🦸‍♂
びきに	👙
びくーな	🦙
びじねすぱーそん	👩‍💼
びじねすまん	🕴
びじゅつかん	🖼
びすく	🦞
びせいぶつ	🦠
びっくり	🙀
びっくりがお	😯
びっくりしたかお	😲
びっくりした	😲
びっくりまーく	❣
びでお	📺
びでおかせっと	📼
びでおかめら	📹
びでおげーむ	🎮
びでおてーぷ	📼
びゃくえ	🥼
びょういん	🏥
びょうき	🩺
びよういん	💈
びようしつ	💈
びりやーど	🎱
びるぐん	🏙
びーがた	🅱
びーず	🧿
びーち	🏖
びーちぱらそる	🏖
びーふ	🥩
びーる	🍻
びーるじょっき	🍺
びーるでかんぱい	🍻
ぴあの	🎹
ぴえろ	🤡
ぴえろのかお	🤡
ぴかぴか	✨
ぴくにっく	🧺
ぴくるす	🥒
ぴこーん	💡
ぴざ	🍕
ぴすとる	🔫
ぴっつぁ	🍕
ぴとけあんしょとう	🇵🇳
ぴのきおのかお	🤥
ぴのきお	🤥
ぴんくいろ	🦩
ぴんひーる	👠
ぴんぽん	🏓
ぴー	🅿
ぴーこっく	🦚
ぴーしー	🖲
ぴーす	🧩
ぴーすまーく	☮
ぴーち	🍑
ぴーなっつ	🥜
ぴーまーく	🅿
ふぁいあー	🔥
ふぁいやー	🔥
ふぁいる	🗄
ふぁいるきゃびねっと	🗄
ふぁくす	📠
ふぁっくす	📠
ふぁらふぇる	🧆
ふぃぎゅあすけーと	⛸
ふぃじー	🇫🇯
ふぃりぴん	🇵🇭
ふぃるむ	🎞
ふぃんらんど	🇫🇮
ふぃーるどほっけー	🏑
ふうせん	🎈
ふうとう	📧
ふうりん	🎐
ふぇいすまっさーじ	💆‍♂
ふぇいすまっさーじちゅうのおとこ	💆‍♂
ふぇいすまっさーじちゅうのおんな	💆‍♀
ふぇいすまっさーじなかのひと	💆
ふぇりー	⛴
ふぇろーしょとう	🇫🇴
ふぇんしんぐ	🤺
ふぇんしんぐをするひと	🤺
ふえ	🥳
ふぉるだー	🗂
ふぉーく	🍽
ふぉーくらんどしょとう	🇫🇰
ふぉーちゅんくっきー	🥠
ふきげん	🙎‍♂
ふきげんなおとこ	🙎‍♂
ふきげんなおんな	🙎‍♀
ふきげんなねこ	😾
ふきげんなひと	🙎
ふきだし	🗯
ふきだしのめ	👁‍🗨
ふきだしひだり	🗨
ふく	🧥
ふくごうき	🖨
ふくすうのいえ	🏘
ふくすうのおんぷ	🎶
ふくれっつら	😡
ふくろう	🦉
ふぐ	🐡
ふざけ	🤪
ふざけたかお	🤪
ふざけた	🤪
ふじさん	🗻
ふじんふく	👚
ふじんぼうし	👒
ふせん	🔖
ふたえ	⏬
ふたえかんたんふ	‼
ふたこぶ	🐫
ふたこぶらくだ	🐫
ふたござ	♊
ふたば	🌱
ふっ	😼
ふといまる	⭕
ふとじのちぇっく	✔
ふね	🛶
ふほんい	😦
ふまん	😦
ふみつける	🦶
ふらい	🍤
ふらいどぽてと	🍟
ふらいぱん	🍳
ふらいんぐでぃすく	🥏
ふらぐ	🚩
ふらっぐ	🚩
ふらっしゅ	📸
ふらっしゅをたいているかめら	📸
ふらっとしゅーず	🥿
ふらふら	😵
ふらふらのかお	🥴
ふらみんご	🦩
ふらめんこ	💃
ふらんくふると	🌭
ふらんす	🥐
ふらんすおうけ	⚜
ふらんすぱん	🥖
ふらんすりょうぎあな	🇬🇫
ふらんすりょうぽりねしあ	🇵🇫
ふりかけようき	🧂
ふりすびー	🥏
ふりー	🆓
ふりーだいやる	➿
ふるいかぎ	🗝
ふれんちふらい	🍟
ふれーむ	🎞
ふろ	🧼
ふろっぴー	💾
ふろにはいるひと	🛀
ふんか	🌋
ふんすい	⛲
ふんっ	😤
ふんわり	🧇
ぶいえいちえす	📼
ぶいえす	🆚
ぶき	🗡
ぶた	🐽
ぶたいげいじゅつ	🎭
ぶたのかお	🐷
ぶたはな	🐽
ぶっきょう	☸
ぶっくまーく	🔖
ぶどう	🥋
ぶらいとねす	🔆
ぶらうす	👚
ぶらきおさうるす	🦕
ぶらじる	🇧🇷
ぶりとー	🌯
ぶりーふ	🩲
ぶりーふけーす	💼
ぶるがりあ	🇧🇬
ぶるきなふぁそ	🇧🇫
ぶるずあい	🎯
ぶるねい	🇧🇳
ぶるんじ	🇧🇮
ぶるーれい	📀
ぶろっこりー	🥦
ぶろんず	🥉
ぶろんど	👱‍♂
ぶんぐ	🗒
ぶんし	⚛
ぶんしょ	📜
ぶんぼうぐ	🗒
ぶーいんぐ	👎
ぶーけ	💐
ぶーたん	🇧🇹
ぶーつ	🥾
ぶーべとう	🇧🇻
ぷえるとりこ	🇵🇷
ぷっしゅぴん	📍
ぷらいばしー	🔏
ぷらぐ	🔌
ぷらす	➕
ぷりん	🍮
ぷりんす	🤴
ぷりんせす	👸
ぷりんた	🖨
ぷりんたー	🖨
ぷれい	▶
ぷれぜんと	🎁
ぷれっつぇる	🥨
ぷろぐらま	👩‍💻
ぷろじぇくたー	📽
ぷんぷん	🙎‍♂
ぷーどる	🐩
へあかっと	💇‍♂
へあさろん	💈
へいわ	🕊
へたなげ	🥎
へっどふぉん	🎧
へっどほん	🎧
へび	🐍
へびつかいざ	⛎
へびやざ	⛎
へり	🚁
へりこぷたー	🚁
へるめっと	👷‍♂
へー	😮
べい	🍚
べすと	🦺
べっど	🛏
べっどにねるひと	🛌
べとなむ	🇻🇳
べなん	🇧🇯
べにつつみ	🧧
べねずえら	🇻🇪
べびー	🚼
べびーしーと	🚼
べらるーし	🇧🇾
べりーず	🇧🇿
べる	🛎
べるぎー	🇧🇪
べるしょうおん	🔕
べるぼーいべる	🛎
べろ	🤑
べろんべろん	🥴
べんき	🚽
べんざ	🚽
べんとう	🥡
べー	🤑
べーかりー	🧁
べーぐる	🥯
べーこん	🥓
べーる	🧕
ぺけ	❎
ぺたんこくつ	🥿
ぺっと	🐹
ぺとりさら	🧫
ぺるー	🇵🇪
ぺろぺろきゃんでぃ	🍭
ぺん	🖊
ぺんぎん	🐧
ぺんさき	✒
ぺーじ	📄
ぺーじにふせん	📑
ぺーじゃー	📟
ぺーぱーくりっぷ	🖇
ぺーぱーたおる	🧻
ほいくえん	📛
ほいくしょ	📛
ほうき	🧹
ほうしゃせい	☢
ほうしゃせん	☢
ほうしゃのう	☢
ほうせき	💎
ほうそう	📻
ほうたい	🤕
ほうたいをまいたかお	🤕
ほうたいをまいた	🤕
ほうちょう	🔪
ほうもつ	🏴‍☠
ほうりん	☸
ほおをあからめる	😊
ほくせい	↖
ほくとう	↗
ほこう	🚶‍♂
ほこうしゃ	🚶‍♂
ほこうしゃたちいりきんし	🚷
ほごめがね	🥽
ほし	🪐
ほしぞら	🌌
ほしとみかづき	☪
ほじょ	🦮
ほちょうきをつけたみみ	🦻
ほっ	😌
ほっけー	🏒
ほっとけーき	🥞
ほっとしたがお	😌
ほっとどっぐ	🌭
ほっとどりんく	☕
ほてる	🛏
ほにゅーびん	🍼
ほね	🦴
ほねつきにく	🍗
ほのお	🔥
ほほえみ	🙂
ほほえむ	🙂
ほらー	🧟‍♂
ほろよい	🥴
ほんこん	🇭🇰
ほんじゅらす	🇭🇳
ほんのやま	📚
ほーる	⛳
ぼうえんきょう	🔭
ぼうぐ	🛡
ぼうぐらふ	📊
ぼうし	🧢
ぼうず	🦲
ぼうつききゃんでぃ	🍭
ぼうりんぐ	🎳
ぼうるとすぷーん	🥣
ぼき	🧾
ぼぎゅう	🐂
ぼくしんぐ	🥊
ぼくしんぐぐろーぶ	🥊
ぼたん	🔽
ぼたんしきでんわ	☎
ぼっくす	🗃
ぼつ	👎
ぼつわな	🇧🇼
ぼとる	🍾
ぼぶすれー	🛷
ぼりびあ	🇧🇴
ぼりゅーむ	🔊
ぼると	🔩
ぼるととなっと	🔩
ぼんっ	🤯
ぼーと	🛶
ぼーとをこぐおとこ	🚣‍♂
ぼーとをこぐおんな	🚣‍♀
ぼーとをこぐひと	🚣
ぼーど	🛹
ぼーる	🥎
ぼーるぺん	🖊
ぽいすてきんし	🚯
ぽかーん	😯
ぽけっとべる	📟
ぽけべる	📟
ぽすと	📮
ぽっぷこーん	🍿
ぽてと	🥔
ぽてとふらい	🍟
ぽるとがる	🇵🇹
ぽんど	💷
ぽんどさつ	💷
ぽーかーふぇいす	😐
ぽーく	🥩
ぽーず	⏸
ぽーち	👝
ぽーらんど	🇵🇱
まいく	🎤
まいくろばす	🚐
まいそう	⚱
まいなす	➖
まいほーむ	🏡
まうす	🖱
まうんてんばいく	🚵
まうんてんばいくにのるおとこ	🚵‍♂
まうんてんばいくにのるおんな	🚵‍♀
まうんてんばいくにのるひと	🚵
まえのきょくぼたん	⏮
まえのしーん	⏮
まえのとらっく	⏮
まえをむいているひよこ	🐥
まかお	🇲🇴
まきがい	🐚
まきけ	🦱
まきぺーじ	📃
まきもどし	◀
まきもの	📜
まきわり	🪓
まくのうち	🍱
まぐねっと	🧲
まけどにあ	🇲🇰
まじょ	🧹
まじん	🧞‍♂
ますく	🤿
ますくがお	😷
まだがすかる	🇲🇬
まち	🏘
まっさーじ	💆‍♂
まっしゅるーむ	🍄
まてちゃ	🧉
まなーもーど	📳
まにあ	🤓
まにきゅあ	💅
まにきゅあをぬるて	💅
まふらー	🧣
まほう	🧚
まほうつかい	🧙‍♂
まゆをあげたかお	🤨
まゆをあげた	🤨
まよけけ	🧿
まよっと	🇾🇹
まらうぃ	🇲🇼
まらそん	🏃‍♂
まらりあ	🦟
まり	🇲🇱
まる	🟤
まるいMまーく	Ⓜ
まるいおしぴん	📍
まるいしんかんせん	🚅
まるいぼたん	🟤
まるた	🇲🇹
まるてぃにーく	🇲🇶
まるとく	🉐
まるひ	㊙
まるめたしんぶん	🗞
まれーしあ	🇲🇾
まんいん	🈵
まんげつ	🌕
まんごー	🥭
まんしつ	🈵
まんしゃ	🈵
まんせき	🈵
まんぞく	😆
まんてるくろっく	🕰
まんてん	💯
まんとう	🇮🇲
まんねんひつ	🖋
まんまーく	🈵
まんりき	🗜
まーしゃるしょとう	🇲🇭
まーじゃん	🀄
まーじゃんぱい	🀄
まーまん	🧜‍♂
まーめいど	🧜‍♀
みかづき	🌙
みかん	🍊
みぎ	🤜
みぎうえ	↗
みぎうえやじるし	↗
みぎかーぶやじるし	↩
みぎした	↘
みぎしたやじるし	↘
みぎまわり	🔃
みぎまわりたてやじるし	🔃
みぎむきのこぶし	🤜
みぎやじるし	➡
みぎゆびさし	👉
みくろねしあ	🇫🇲
みざる	🙈
みず	🚰
みずがめ	🏺
みずがめざ	♒
みずぎ	🩳
みせいねん	🔞
みつあなぐま	🦡
みつばち	🐝
みつまた	🔱
みどり	🟩
みどりのしかく	🟩
みどりのはーと	💚
みどりのほん	📗
みどりのまる	🟢
みなみ	⬇
みなみあふりか	🇿🇦
みなみすーだん	🇸🇸
みにくいあひるのこ	🦢
みにでぃすく	💽
みみ	🦻
みみのふじゆうなじょせい	🧏‍♀
みみのふじゆうなだんせい	🧏‍♂
みみのふじゆうなひと	🧏
みゃんまー	🇲🇲
みゅーと	🔕
みるく	🥛
みんぞくいしょう	🥻
むかっ	💢
むかんじょう	😑
むきむき	💪
むぎわら	👒
むぎわらぼうし	👒
むげん	♾
むげんだい	♾
むし	🦟
むしめがね	🕵‍♂
むしめがねひだり	🔍
むしめがねみぎ	🔎
むしんろん	⚛
むじんとう	🏝
むちゅう	🥰
むひょうじょう	😑
むまーく	🈚
むらさき	🟪
むらさきのしかく	🟪
むらさきのはーと	💜
むらさきのまる	🟣
むりょう	🈚
むーびー	📽
めいしほるだー	📇
めいそう	🧘‍♂
めかにっく	🧰
めがね	🧐
めがはーとのえがお	😍
めがはーとのねこ	😻
めがほしのえがお	🤩
めがほん	📣
めがまわる	💫
めきしかん	🌯
めきしこ	🇲🇽
めざまし	⏰
めざましどけい	⏰
めだまやき	🍳
めだる	🥉
めっか	🕋
めとろ	🚇
めのらー	🕎
めのーらー	🕎
めまい	🥴
めも	📝
めもちょう	🗒
めりーごーらんど	🎠
めろめろ	🥰
めろん	🍈
めをとじてべー	😝
めをとじる	😚
めをほそめる	😊
めーるじゅしん	📩
めーるじゅしんちゅう	📨
もあい	🗿
もうがない	🦲
もうしこみ	🈸
もうどうけん	🦮
もくげき	👁‍🗨
もくもく	💭
もざんびーく	🇲🇿
もすく	🕌
もちかえり	🥡
もちもの	🌂
もどる	🔙
もなこ	🇲🇨
ものくるをつけたかお	🧐
ものくるをつけた	🧐
ものぐさ	🦥
ものさし	📏
ものれーる	🚟
もみじ	🍁
もも	🍑
ももにく	🍗
もやい	🗿
もやもや	🌀
もりのひと	🦧
もるたる	🧱
もるでぃぶ	🇲🇻
もるどば	🇲🇩
もろっこ	🇲🇦
もんごる	🇲🇳
もんしょう	⚜
もんすたー	👾
もんてねぐろ	🇲🇪
もんとせらと	🇲🇸
もんばん	💂‍♂
もーたーすぽーつ	🏎
もーたーぼーと	🛥
もーりしゃす	🇲🇺
もーりたにあ	🇲🇷
やきいも	🍠
やきがし	🧇
やきゅう	⚾
やきゅうじょう	🏟
やきゅうぼう	🧢
やぎ	🐐
やぎざ	♑
やくそう	🌿
やくみ	🧅
やくもの	〽
やけい	🌉
やさい	🧅
やし	🏝
やしのき	🌴
やしのきのあるしま	🏝
やしのみ	🥥
やじるし	🔽
やま	🗻
やまからひので	🌄
やまのぼり	🧗‍♂
やまをのぼるおとこ	🧗‍♂
やまをのぼるおんな	🧗‍♀
やまをのぼるひと	🧗
ゆう	🈶
ゆうえんち	🎢
ゆうがいぶっしつ	☣
ゆうがた	🌇
ゆうぐれ	🌇
ゆうぐれのとかい	🌆
ゆうげん	🈶
ゆうしょうかっぷ	🏆
ゆうたいるい	🦘
ゆうひ	🌇
ゆうびん	📯
ゆうびんうけ	📭
ゆうびんきょく	🏣
ゆうびんばこ	📮
ゆうびんぽすと	📮
ゆうびんらっぱ	📯
ゆうまーく	🈶
ゆうめいげつ	🌘
ゆうりょう	🈶
ゆうれい	👻
ゆき	🏔
ゆきぐも	🌨
ゆきだるま	⛄
ゆきだるまとゆき	☃
ゆきのけっしょう	❄
ゆきやま	🏔
ゆだやきょう	🕎
ゆにこーん	🦄
ゆにこーんのかお	🦄
ゆのみ	🍵
ゆび	🤞
ゆびさし	🖕
ゆびまーく	🈯
ゆびわ	💍
ゆびをくろす	🤞
ゆみや	🏹
ゆり	⚜
ゆーえふおー	🛸
ゆーふぉー	👽
ゆーれい	👻
ゆーろ	💶
ゆーろさつ	💶
ようせい	🧝
ようせつ	🥽
ようちえん	📛
ようなし	🍐
ようもう	🦙
よが	🧘‍♂
よがのぽーずをするおとこ	🧘‍♂
よがのぽーずをするおんな	🧘‍♀
よがのぽーずをするひと	🧘
よくそう	🛁
よくできました	💮
よこをむいているひよこ	🐤
よぞら	🌌
よだれ	🤤
よだれをたらしたかお	🤤
よだれをたらした	🤤
よっと	⛵
よつばのくろーばー	🍀
よてい	🗓
よる	🌉
よるだん	🇯🇴
よるのとかい	🌃
よるのはし	🌉
よろしく	🤝
よーよー	🪀
よーろっぱ	🌍
らいう	⛈
らいうん	🌩
らいおん	🦁
らいおんのかお	🦁
らいす	🍛
らいと	🔦
らいとれーる	🚈
らおす	🇱🇦
らくだ	🐫
らくようじゅ	🌳
らくろす	🥍
らぐびー	🏉
らぐびーぼーる	🏉
らけっと	🏸
らじお	📻
らじおぼたん	🔘
らっかせい	🥜
らっこ	🦦
らっと	🐀
らっぱ	📯
らっぷさんど	🥙
らっぷとっぷ	💻
らとびあ	🇱🇻
らぶ	🥰
らぶほ	🏩
らぶほてる	🏩
らぶれたー	💌
らべる	🏷
らぼ	🧪
らま	🦙
らむ	🥩
らんどせる	🎒
らんなー	🏃‍♂
らんにんぐ	🏃‍♂
らんにんぐしゃつ	🎽
らんぷ	🪔
らーめん	🍜
りくしゃー	🛺
りさいくる	♻
りさいくるまーく	♻
りす	🐿
りっぷ	💄
りっぷすてぃっく	💄
りとあにあ	🇱🇹
りはつてん	💈
りひてんしゅたいん	🇱🇮
りびあ	🇱🇾
りぴーと	🔄
りぴーとぼたん	🔁
りべりあ	🇱🇷
りぼるばー	🔫
りぼん	💝
りまいんだー	🎗
りまいんだーりぼん	🎗
りゃくだつ	🏴‍☠
りゅう	🐲
りゅうきゃくるい	🦕
りゅっくさっく	🎒
りゅーじゅ	🛷
りょうがえ	💱
りょうしゅうしょ	🧾
りょうて	🤲
りょうてのひら	👐
りょうめ	👀
りょうり	🔪
りょかくせん	🛳
りょくちゃ	🍵
りょこう	🧳
りょこうかばん	🧳
りりく	🛫
りろーど	🔃
りんく	🔗
りんくしんぼる	🔗
りんぐ	🪐
りんぐのーと	📒
りんぐめも	🗒
りんご	🍏
るくせんぶるぐ	🇱🇺
るわんだ	🇷🇼
るーぷ	➿
るーぺ	🔎
るーまにあ	🇷🇴
れいはいしょ	🛐
れいんぼー	🏳‍🌈
れいんぼーふらっぐ	🏳‍🌈
れきし	🏛
れきしてきけんぞうぶつ	🏛
れきしてきなたてもの	🏛
れしーと	🧾
れすとらん	🍴
れすりんぐ	🤼‍♂
れすりんぐするおとこ	🤼‍♂
れすりんぐするおんな	🤼‍♀
れすりんぐするひと	🤼
れすりんぐをするおとこ	🤼‍♂
れすりんぐをするおんな	🤼‍♀
れすりんぐをするひと	🤼
れそと	🇱🇸
れたす	🥬
れっしゃ	🚉
ればのん	🇱🇧
れべる	🎚
れべるすらいだー	🎚
れもん	🍋
れゆにおん	🇷🇪
れんが	🧱
れんち	🛠
れんふ	🎵
れーざー	🪒
れーしんぐかー	🏎
れーす	🏁
ろうじん	🧓
ろうそく	🕯
ろくおん	⏺
ろくおんろくがぼたん	⏺
ろくが	⏺
ろくぼうせい	🔯
ろけっと	🚀
ろざりお	📿
ろしあ	🇷🇺
ろっかくぼし	🔯
ろっかー	🛅
ろっく	🔓
ろぶすたー	🦞
ろぼっと	🤖
ろめんでんしゃ	🚋
ろめんでんしゃしょうめん	🚊
ろんぐぶーつ	👢
ろーしょん	🧴
ろーどばいく	🚴
ろーどれーす	🚴‍♂
ろーふぁー	👞
ろーぷうぇい	🚡
ろーまじ	🔤
わいしゃつ	👔
わいん	🍷
わいんぐらす	🍷
わかばまーく	🔰
わかれた	💔
わがし	🍡
わくせい	🪐
わし	🦅
わっか	➿
わっふる	🧇
わに	🐊
わらいころげる	🤣
わらう	🤣
わらったあくま	😈
わり	🈹
わりざん	➗
わりびき	🈹
わりまーく	🈹
わる	🦹‍♂
われたはーと	💔
わんぴーす	👗
わんぴーすのみずぎ	🩱
わーい	😝
